영업상태명,폐업일자,사업장명,좌표정보(x),좌표정보(y),도로명전체주소
폐업,2024.2.24,삼부자,202401.7993,421631.5708,"경기도 수원시 장안구 연무로42번길 41, 2층 (연무동)"
폐업,2024.2.21,더원씨푸드(주),203654.1409,418212.5853,"경기도 수원시 영통구 인계로 219, 1층 일부호 (매탄동, 삼성1차아파트)"
폐업,2024.2.24,(주)백두산천지인,201864.2804,419299.5146,"경기도 수원시 팔달구 중부대로 43, 9층 (지동)"
폐업,2024.2.22,주식회사 두성,205023.5829,420361.2482,"경기도 수원시 영통구 광교중앙로 124, 갤러리아 광교 지하1층 (하동)"
폐업,2024.2.19,(주)해원에스디,206280.422,416752.2657,"경기도 수원시 영통구 봉영로 1579, 롯데마트 영통점 지하1층 식품매장내 일부호 (영통동)"
폐업,2024.2.19,(주)해원에스디,198381.2704,421543.9117,"경기도 수원시 장안구 만석로19번길 25-10, 롯데마트 천천점 지하1층 식품매장내 일부호 (천천동)"
폐업,2024.2.22,리은푸드,205023.5829,420361.2482,"경기도 수원시 영통구 광교중앙로 124, 갤러리아 광교 지하1층 (하동)"
폐업,2024.2.19,데이롱 카페 스마트 매탄그린빌점,204109.8489,417618.9047,"경기도 수원시 영통구 매탄로126번길 66, 상가동 1층 105호 (매탄동, 주공그린빌)"
폐업,2024.2.23,유스카페,205209.4298,420428.3659,"경기도 수원시 영통구 광교중앙로 140, 수원컨벤션센터 1층 (하동)"
폐업,2024.2.22,츄플러스,205023.5829,420361.2482,"경기도 수원시 영통구 광교중앙로 124, 갤러리아 광교 지하1층 일부호 (하동)"
폐업,2024.2.24,(주)마켓인,199161.3809,420620.3512,"경기도 수원시 장안구 수성로 175, 트레이더스홀세일클럽수원화서점 지하2층 일부호 (정자동)"
폐업,2024.2.10,주식회사 아이프레시 농업회사법인,204246.158,416018.2089,"경기도 수원시 영통구 삼성로 2, 트레이더스 (신동)"
폐업,2024.2.22,파운드마켓,199920.1947,418246.9271,"경기도 수원시 팔달구 덕영대로 924, AK플라자 지하1층 일부호 (매산로1가)"
폐업,2024.2.22,(주)대산유통시스템 농협유통창동점,202671.6154,415224.54,"경기도 수원시 권선구 곡반정로 121, 수원축협곡반정점 하나로마트 1층 일부호 (곡반정동)"
폐업,2024.2.22,신라푸드,205023.5829,420361.2482,"경기도 수원시 영통구 광교중앙로 124, 갤러리아 광교 지하1층 일부호 (하동)"
폐업,2024.2.22,감자밭 카페,199161.3809,420620.3512,"경기도 수원시 장안구 수성로 175, 스타필드 수원 지하1층 일부호 (정자동)"
폐업,2024.2.10,주식회사 사군자식품,197288.7208,420051.3394,"경기도 수원시 권선구 수인로 291, 이마트 1층 일부호 (구운동)"
폐업,2024.2.10,(주)사군자식품,201782.7331,416501.6997,"경기도 수원시 권선구 경수대로 270, 터미널동, 할인점동 1층 일부호 (권선동)"
폐업,2024.2.15,(주)이노버코리아,204159.79,421622.5758,"경기도 수원시 영통구 광교로 191, 이마트 1층 일부호 (이의동)"
폐업,2024.2.16,김유경커피,203786.9732,419701.4505,"경기도 수원시 팔달구 아주로 49, 1층 (우만동)"
폐업,2024.2.14,리암스,205023.5829,420361.2482,"경기도 수원시 영통구 광교중앙로 124, 갤러리아 광교 B1층 (하동)"
폐업,2024.2.15,윌로우(주),199920.1947,418246.9271,"경기도 수원시 팔달구 덕영대로 924, AK플라자 지하1층 일부호 (매산로1가)"
폐업,2024.2.21,설이,196865.231,422185.003,"경기도 수원시 장안구 덕영대로 ***-*, ***호 (율전동)"
폐업,2024.2.20,오사카 오지상 치즈케이크,205023.5829,420361.2482,"경기도 수원시 영통구 광교중앙로 124, 갤러리아 광교 지1층 (하동)"
폐업,2024.2.10,(주)동명에스티유,195965.407,419154.4892,"경기도 수원시 권선구 금곡로 236, 홈플러스서수원점 1층 일부호 (금곡동)"
폐업,2024.2.10,(주)마켓인,199161.3809,420620.3512,"경기도 수원시 장안구 수성로 175, 지하2층 (정자동)"
폐업,2024.2.22,철길부산집 수원성균관대점,197290.1805,421854.734,"경기도 수원시 장안구 율전로108번길 20, 1층 일부호 (율전동)"
폐업,2024.2.15,농촌사랑(주),201782.7331,416501.6997,"경기도 수원시 권선구 경수대로 270, 이마트 1층 (권선동)"
폐업,2024.2.15,수라원,205572.5869,418683.7049,"경기도 수원시 영통구 중부대로 437, 홈플러스원천점 지하2층 일부호 (원천동)"
폐업,2024.2.14,태영생막창,202441.7697,418156.1806,"경기도 수원시 팔달구 효원로235번길 53, 송덕빌딩 1층 (인계동)"
폐업,2024.2.24,(주)한울에프엔비,195965.407,419154.4892,"경기도 수원시 권선구 금곡로 236, 홈플러스 1층 (금곡동)"
폐업,2024.2.14,(주)오에스푸드,206365.5257,416652.3016,"경기도 수원시 영통구 봉영로 1576, 영통홈플러스 2층 일부호 (영통동)"
폐업,2024.2.19,찬푸드,200501.7408,421507.4344,"경기도 수원시 장안구 송정로 84, 1층 일부호 (정자동)"
폐업,2024.2.15,수라원,201782.7331,416501.6997,"경기도 수원시 권선구 경수대로 270, 이마트수원점 1층 일부호 (권선동)"
폐업,2024.2.14,맛본,197034.7597,420068.3637,"경기도 수원시 권선구 서부로 1937, 수원 농수산물 종합유통센터 2층 일부호 (구운동)"
폐업,2024.2.20,홍성한우,194675.5075,421035.6905,"경기도 수원시 권선구 당진로 28, 가동 1층 (당수동)"
폐업,2024.2.14,제이엘(jeyL),202885.7745,420339.7808,"경기도 수원시 팔달구 월드컵로***번길 **-*, ***호 (우만동)"
폐업,2024.2.14,(주)미향원,197034.7597,420068.3637,"경기도 수원시 권선구 서부로 1937, 수원 농수산물 종합유통센터 1층 일부호 (구운동)"
폐업,2024.2.23,가락공판장 당수점,194675.5075,421035.6905,"경기도 수원시 권선구 당진로 28, 가동 (당수동)"
폐업,2024.2.23,정래윤의도시락앤반찬,202730.8787,419947.211,"경기도 수원시 팔달구 팔달문로140번길 22, 1층 (우만동)"
폐업,2024.2.8,오르토스,203163.3944,418608.5703,"경기도 수원시 팔달구 권광로 ***, ***동 ***호 (인계동, 래미안 노블클래스)"
폐업,2024.2.20,굴따러가세,198006.656,414684.762,"경기도 수원시 권선구 서수원로47번길 5, 곳집말지구 근린생활시설 1층 (오목천동)"
폐업,2024.2.19,다린상사,203838.5741,418153.4715,"경기도 수원시 영통구 인계로 ***, ***동 ****호 (매탄동, 매탄성일아파트)"
폐업,2024.2.14,주식회사 씨엔 줄리앙와플,197034.7597,420068.3637,"경기도 수원시 권선구 서부로 1937, 수원 농수산물 종합유통센터 1층 일부호 (구운동)"
폐업,2024.2.14,다이닝샐러드,202772.6462,416289.5657,"경기도 수원시 권선구 권중로 136, 상가동 1층 114호 (권선동, 신동아아파트)"
폐업,2024.2.10,다봉상사 주식회사,199673.3786,418025.5478,"경기도 수원시 권선구 세화로 134, 롯데마트 수원점 1층 (서둔동)"
폐업,2024.2.10,(주)아이프레시 농업회사법인,203008.6315,416482.0218,"경기도 수원시 권선구 동수원로 232, 롯데마트 지하1층 일부호 (권선동)"
폐업,2024.2.10,(주)이노버코리아,204159.79,421622.5758,"경기도 수원시 영통구 광교로 191, 이마트 1층 일부호 (이의동)"
폐업,2024.2.19,오만것,199869.359,422456.369,"경기도 수원시 장안구 파장로 **, *층 ***호 (송죽동, 스타빌라)"
폐업,2024.2.14,시카고도넛 매교점,201428.6841,418779.5438,"경기도 수원시 팔달구 정조로709번길 9, 1층 (매교동)"
폐업,2024.2.22,바이플러,203744.4787,422042.4423,"경기도 수원시 영통구 대학*로*번길 **, 테라스힐 *층 ***호 (이의동)"
폐업,2024.2.23,(주)삼원수산,202690.8629,417032.8521,"경기도 수원시 권선구 세권로 243, 수원시 농수산물도매시장 수산동 35호 (권선동)"
폐업,2024.2.21,세븐일레븐 권선상록점,203155.218,416441.7419,"경기도 수원시 권선구 세권로304번길 47, 상가동 101호 (권선동, 권선5단지 상록아파트)"
폐업,2024.2.14,레그워크,202615.8677,416436.5027,"경기도 수원시 권선구 권중로 **, ***동 ***호 (권선동, 벽산한성아파트)"
폐업,2024.2.17,시간의 세계,202660.1294,418223.632,"경기도 수원시 팔달구 인계로***번길 **-**, *층 ***호 (인계동)"
폐업,2024.2.21,사현,199931.0539,420059.7259,"경기도 수원시 팔달구 화양로**번길 **, ***동 ***호 (화서동, 화서역 블루밍푸른숲아파트)"
폐업,2024.2.15,레그워크,202615.8677,416436.5027,"경기도 수원시 권선구 권중로 **, ***동 ***호 (권선동, 벽산한성아파트)"
폐업,2024.2.16,매일유기농마트,206438.9757,417076.6009,"경기도 수원시 영통구 매영로***번길 **, ***-*호 (영통동)"
폐업,2023.12.31,위아몰,196634.5292,417139.4277,"경기도 수원시 권선구 호매실로***번길 **-**, *동 ***호 (호매실동)"
폐업,2024.2.20,쏘쏘몰,201816.0003,421778.1685,"경기도 수원시 장안구 조원로 **, ***동 ***호 (조원동, 벽산아파트)"
폐업,2024.2.20,단빗,197001.9598,422842.8312,"경기도 수원시 장안구 상률로**번길 *, ***동 ****호 (율전동, 송촌스페이스향 ***동)"
폐업,2024.2.14,오늘싸다,195858.1535,419228.5768,"경기도 수원시 권선구 금곡로 ***, ***-A**호 (금곡동)"
폐업,2024.2.21,온늬,201433.4444,419047.2829,"경기도 수원시 팔달구 매산로***번길 *, ***호 (중동)"
폐업,2024.2.13,통밀나루 인계점,202009.4094,418273.8068,"경기도 수원시 팔달구 세지로174번길 32-2, 1층 (인계동)"
폐업,2024.2.22,사월의봄밤 베이커리,201243.202,417440.3932,"경기도 수원시 권선구 정조로566번길 39, 1층 102호 (세류동)"
폐업,2024.2.19,(주)상록종합관리,199878.8306,421410.755,"경기도 수원시 장안구 수성로275번길 108, 건호빌딩 4층 일부호 (정자동)"
폐업,2024.2.15,수원 고양이 분양 감자캣,200001.3844,418871.5045,"경기도 수원시 팔달구 팔달로 **, ***호 (고등동)"
폐업,2024.2.22,부토리컴퍼,201609.1362,422351.1484,"경기도 수원시 장안구 금당로**번길 **, ***동 ****호 (조원동, 주공뉴타운)"
폐업,2024.2.23,제이엘유통,202081.3243,414491.0736,"경기도 수원시 권선구 곡반정로 **, *층 ***호 (곡반정동)"
폐업,2024.2.24,카페토이토이,196204.4702,418842.5829,"경기도 수원시 권선구 서수원로***번길 **, *층 ***호 (금곡동)"
폐업,2024.2.22,램피(LAMPPY),201724.4035,417597.3569,"경기도 수원시 권선구 세지로***번길 **, 지하 *층 (권선동)"
폐업,2024.2.16,유니 Q,202578.3148,419041.3402,"경기도 수원시 팔달구 경수대로 ***, ***동 ***호 (인계동, 인계극동스타클래스)"
폐업,2024.12.30,부토리컴퍼니,201609.1362,422351.1484,"경기도 수원시 장안구 금당로**번길 **, ***동 ****호 (조원동, 주공뉴타운)"
폐업,2024.2.22,카페토이토이,196204.4702,418842.5829,"경기도 수원시 권선구 서수원로523번길 36, 1층 101호 (금곡동)"
폐업,2024.2.19,슈퍼타코 본점,204110.6557,419212.1223,"경기도 수원시 영통구 동수원로537번길 36-5, 1층 101호 (원천동)"
폐업,2024.2.15,지에스25(GS25)숙지공원점,199591.2036,420223.7672,"경기도 수원시 팔달구 화양로 66-3(화서동, 화서동 270-9 공동주택)"
휴업,,바이탈리스,198406.799,423618.2942,"경기도 수원시 장안구 장안로 ***, ***동 ***호 (이목동, 수원 장안 STX KAN *단지아파트)"
폐업,2024.2.15,지에스25 숙지공원점,199591.2036,420223.7672,"경기도 수원시 팔달구 화양로 **-*, *층 (화서동, 화서동 ***-* 공동주택)"
폐업,2024.2.20,카페마마스키친 갤러리아광교,205023.5829,420361.2482,"경기도 수원시 영통구 광교중앙로 124, 갤러리아 광교 9층 (하동)"
폐업,2024.2.14,홀뉴,205394.3492,416515.0427,"경기도 수원시 영통구 영통로***번길 **, ***동 ***호 (영통동, 벽적골주공 휴먼시아*단지)"
폐업,2024.2.15,자이언트몰,207380.4159,418468.3447,"경기도 수원시 영통구 봉영로****번길 **, ***동 ***호 (영통동, 신명.한국아파트)"
폐업,2024.2.14,오늘싸다,195858.1535,419228.5768,"경기도 수원시 권선구 금곡로 ***, 리더스빌딩 ***동 A**호 (금곡동)"
폐업,2024.2.21,Chaming Nail,203574.6204,418074.0438,"경기도 수원시 영통구 인계로220번길 6-9, 우리하우스 1층 (매탄동)"
폐업,2024.2.23,닷트스튜디오,200471.94,420608.3952,"경기도 수원시 장안구 장안로 **, 영진빌딩 *층 *호 (영화동)"
휴업,,슈슈아,199115.2745,423007.102,"경기도 수원시 장안구 파장로***번길 **-*, *동 *층 ***호 (파장동)"
폐업,2024.2.22,픽허브,203921.5808,421814.6097,"경기도 수원시 영통구 대학*로**번길 **, ***호 (이의동)"
폐업,2024.2.14,호스타,201322.1674,418309.4328,"경기도 수원시 팔달구 정조로 651, 매교종합상가 1동 1층 113호 (매교동)"
폐업,2024.2.20,씨유 권선구청점,197372.3521,417005.2781,"경기도 수원시 권선구 호매실로 21-12, 1층 (고색동)"
폐업,2024.2.20,개꿀,197358.8908,422400.9913,"경기도 수원시 장안구 덕영대로***번길 **-*, B*호 (율전동)"
폐업,2024.2.23,세븐일레븐 수원금당로점,201642.226,422068.9195,"경기도 수원시 장안구 금당로 **-*, *층 (조원동)"
폐업,2024.2.14,(주)수원공조 남수원지점,201920.1301,417160.2957,"경기도 수원시 권선구 경수대로 ***, *층 (권선동)"
폐업,2024.2.14,갤러리몰,205750.5142,421341.6921,"경기도 수원시 영통구 광교중앙로 ***, ****동 ***호 (하동, 휴먼시아아파트)"
폐업,2024.2.15,1리터sell&디저트와플,200649.6814,418164.1306,"경기도 수원시 팔달구 세류로 67-1, 1층 102호 (매산로3가)"
폐업,2024.2.16,루즈멘션,201257.2464,420222.2998,"경기도 수원시 팔달구 신풍로 34-1, 플레이스베카 5층 (신풍동)"
폐업,2024.2.23,세븐일레븐 수원금당로점,201642.226,422068.9195,"경기도 수원시 장안구 금당로 86-8, 1층 (조원동)"
폐업,2024.2.23,세븐일레븐 수원금당로점,201642.226,422068.9195,"경기도 수원시 장안구 금당로 86-8, 1층 (조원동)"
폐업,2024.2.13,빵준서 광교점,204015.176,420871.3192,"경기도 수원시 영통구 에듀타운로 102, 광교중앙역 SK VIEW 비동 132~136호 (이의동)"
폐업,2024.2.13,국대국수,198848.998,417348.8186,"경기도 수원시 권선구 권선로 308-5, 139호 (고색동)"
폐업,2024.2.21,소행성,206254.4018,418250.774,"경기도 수원시 영통구 삼성로320번길 62, 1층 102호 (영통동, 영통아이파크)"
폐업,2024.2.20,셀프의모든것,202744.6901,415438.6852,"경기도 수원시 권선구 동수원로***번길 ***, ***호 (곡반정동)"
폐업,2024.2.14,버터북,200791.5376,420208.4806,"경기도 수원시 팔달구 화서문로16번길 83, 2층 (신풍동)"
폐업,2024.2.15,금강수산(더바른장어),194772.3713,419039.0403,"경기도 수원시 권선구 금곡로102번길 15, 비즈웍스 128호 (금곡동)"
폐업,2024.2.23,포지아,201073.0937,420548.4048,"경기도 수원시 팔달구 신풍로63번길 12-8, 1층 (장안동)"
폐업,2024.2.23,카페 오십케이(cafe 50k),204755.2065,423361.9819,"경기도 수원시 영통구 웰빙타운로36번길 46-216, 지1층 일부호 (이의동)"
폐업,2024.2.17,레츠고 테니스,203055.1449,417953.72,"경기도 수원시 팔달구 권광로***번길 **, *층 ***호 (인계동)"
폐업,2024.2.14,하을,203906.1771,417224.395,"경기도 수원시 영통구 동탄원천로***번길 **, ***동 ****호 (매탄동, 주공그린빌)"
폐업,2024.2.23,스튜디오 사월,202656.8723,418367.6363,"경기도 수원시 팔달구 인계로 ***, 스마트 타워 **층 ****호 (인계동)"
폐업,2024.2.23,마시따꽈배기,197143.549,422326.3802,"경기도 수원시 장안구 덕영대로407번길 34-22, 1층 103호 (율전동)"
폐업,2024.2.22,오한수 우육면가,204409.226,420967.6178,"경기도 수원시 영통구 센트럴타운로 85, 203동 2층 B217,218호 (이의동, 광교C1 호반베르디움, Summit Place광교)"
폐업,2024.2.16,소라굿즈,207026.6172,418198.736,"경기도 수원시 영통구 영통로***번길 **, ***동 ****호 (영통동, 영통 센트럴파크뷰)"
폐업,2024.2.26,비드헌터,203098.9132,418026.235,"경기도 수원시 팔달구 인계로***번길 **-**, *층 ***호 (인계동)"
폐업,2024.2.21,기억니은스튜디오,197324.0492,421969.9778,"경기도 수원시 장안구 화산로 ***, *층 ***호 (율전동)"
폐업,2024.2.20,지에스25 수원하늘채가점,,,"경기도 수원시 권선구 곡반정로 188, 수원하늘채퍼스트 1단지 단지내상가 104호, 103호 일부 (곡반정동)"
폐업,2024.2.8,"인베스트라인 주식회사(INVESTLINE CO., Ltd.)",206644.0788,416812.8347,"경기도 수원시 영통구 청명남로 **, 럭셔리프라자 *층 ***호 (영통동)"
폐업,2024.2.8,"인베스트라인 주식회사(INVESTLINE Co., Ltd.)",206644.0788,416812.8347,"경기도 수원시 영통구 청명남로 **, 럭셔리프라자 *층 ***호 (영통동)"
폐업,2024.2.14,몽쉘오피스 수원,206823.1256,416271.32,"경기도 수원시 영통구 영일로*번길 **, b*동 지하층층 *호 (영통동)"
폐업,2024.2.22,이안팩토리,202604.8689,415542.3862,"경기도 수원시 권선구 동수원로146번길 290-1, 102호 (곡반정동)"
폐업,2024.2.20,스마일데이지,200009.2714,421503.4679,"경기도 수원시 장안구 송정로34번길 15, 1층 (정자동)"
폐업,2024.2.20,영통인셀덤,203453.5729,418803.6508,"경기도 수원시 영통구 권광로***번길 **, 상가*동 ***호 (매탄동, 현대힐스테이트아파트)"
폐업,2024.2.9,웰니스랩스,196272.3147,417563.2199,"경기도 수원시 권선구 호매실로***번길 **, ****동 ****호 (호매실동, 힐스테이트 호매실)"
폐업,2024.2.14,라이덴샤프트,202484.2902,419497.9696,"경기도 수원시 팔달구 중부대로 ***, 한라시그마팰리스 ***동 ****호 (인계동)"
폐업,2024.2.19,테디쿠키,203820.618,421885.2359,"경기도 수원시 영통구 대학1로64번길 55, 1층 일부호 (이의동)"
폐업,2024.2.19,테디쿠키,203820.618,421885.2359,"경기도 수원시 영통구 대학1로64번길 55, 101호 (이의동)"
휴업,,퍼피플래너 강아지고양이 수원점,204858.6219,421337.6919,"경기도 수원시 영통구 센트럴파크로***번길 ***, *(일부)층 (이의동)"
휴업,,퍼피플래너 강아지고양이 수원점,204858.6219,421337.6919,"경기도 수원시 영통구 센트럴파크로***번길 ***, *(일부)층 (이의동)"
폐업,2024.2.13,헤어밴드,198537.0151,416185.5377,"경기도 수원시 권선구 고산로6번길 32, 1층 (고색동)"
휴업,,퍼피플래너 강아지고양이 수원점,204858.6219,421337.6919,"경기도 수원시 영통구 센트럴파크로***번길 ***, *(일부)층 (이의동)"
폐업,2024.2.16,빛나는점핑다이어트,198500.7506,420779.4545,"경기도 수원시 팔달구 화산로 **, 상가동 ***호 (화서동, 꽃뫼버들마을 진흥아파트)"
폐업,2024.2.23,보다네일(bodanail),200497.8016,419621.0095,"경기도 수원시 팔달구 고화로 103, A동 101호 (고등동, 가온빌)"
폐업,2024.2.19,아비앙또네일(Abientot nail),204219.5217,421105.1732,"경기도 수원시 영통구 센트럴타운로 107, 204동 1층 1-038호 (이의동, 광교푸르지오 월드마크, 월드스퀘어)"
폐업,2024.2.20,주주한식뷔페,198959.889,422986.7486,"경기도 수원시 장안구 장안로 308, 일성빌딩 2층 (파장동)"
폐업,2024.2.20,하이아이(Hii),204253.6827,415715.3169,"경기도 수원시 영통구 덕영대로 ****-**, ***동 ****호 (망포동, 힐스테이트 영통 아파트)"
폐업,2024.2.20,카캉스,204275.0637,415418.179,"경기도 수원시 영통구 태장로7번길 57, 영통 플래티넘베이스 디 1-2층 104, 202호 (망포동)"
폐업,2024.2.8,모다디앤씨 주식회사,205939.7118,421093.2353,"경기도 수원시 영통구 광교중앙로***번길 *-*, 우연법전프라자 ***호 (하동)"
폐업,2024.2.8,모다디앤씨 주식회사,205939.7118,421093.2353,"경기도 수원시 영통구 광교중앙로***번길 *-*, 우연법전프라자 ***호 (하동)"
폐업,2024.2.19,데이롱 카페 스마트 매탄그린빌점,204109.8489,417618.9047,"경기도 수원시 영통구 매탄로126번길 66, 상가동 1층 105호 (매탄동, 주공그린빌)"
폐업,2024.2.19,피자파는집 광교상현점,206250.0913,421215.2389,"경기도 수원시 영통구 법조로149번길 188, 1층 일부호 (하동)"
휴업,,하늘마음정신건강의학과의원,205311.2833,420682.8012,"경기도 수원시 영통구 광교중앙로 170, 광교 효성해링턴 타워 상가동 222-2호, 223호 (하동)"
폐업,2024.2.8,탠음(TANM),203192.1864,417078.9319,"경기도 수원시 영통구 동수원로***번길 *-**, *층 ***호 (매탄동)"
폐업,2024.2.23,베리먼트,207380.4159,418468.3447,"경기도 수원시 영통구 봉영로****번길 **, ***동 ***호 (영통동, 신명.한국아파트)"
폐업,2024.2.20,창명유통,200498.5913,419552.8151,"경기도 수원시 팔달구 고화로 **, 가동 ***호 (고등동, 청암빌라)"
폐업,2024.2.23,새미월드,202615.1016,418304.6041,"경기도 수원시 팔달구 경수대로***번길 **, *층 ***호 (인계동)"
폐업,2024.2.23,스페이스월드,202615.1016,418304.6041,"경기도 수원시 팔달구 경수대로***번길 **, 아이오피스 *층 ***호 (인계동)"
폐업,2024.2.23,러브월드,202615.1016,418304.6041,"경기도 수원시 팔달구 경수대로***번길 **, 아이오피스 *층 ***호 (인계동)"
폐업,2024.2.15,커스텀커피 수원역푸르지오자이점,199837.5161,419105.8082,"경기도 수원시 팔달구 고등로 15, 근린생활시설 2동 1층 18호 (고등동, 수원역푸르지오자이)"
폐업,2024.2.19,얌이,204624.5798,421366.078,"경기도 수원시 영통구 센트럴파크로127번길 63, 1층 (이의동)"
폐업,2024.2.15,몽몽드,194855.5885,420951.6615,"경기도 수원시 권선구 당진로**번길 **, ***동 ****호 (당수동, 삼정아파트)"
폐업,2024.2.15,블루,199978.4595,417812.4658,"경기도 수원시 권선구 권선로***번길 **, ***동 ***호 (평동, 평동동남아파트)"
폐업,2024.2.23,콤무리월드,202615.1016,418304.6041,"경기도 수원시 팔달구 경수대로***번길 **, 아이오피스 *층 ***호 (인계동)"
폐업,2024.2.23,리치월드,202615.1016,418304.6041,"경기도 수원시 팔달구 경수대로***번길 **, 아이오피스 *층 ***호 (인계동)"
폐업,2024.2.15,전주한식뷔페,198059.6589,419469.2154,"경기도 수원시 권선구 수인로 196, 1층 103, 104호 (서둔동)"
폐업,2024.2.22,88푸드,202211.2689,417443.7946,"경기도 수원시 권선구 경수대로370번길 33, 1층 (권선동)"
폐업,2024.2.21,럭스,202662.973,418055.8817,"경기도 수원시 팔달구 효원로***번길 **-**, *층 ***호 (인계동)"
폐업,2024.2.15,나무늘보의 게으른 쇼핑,202474.7068,414840.1248,"경기도 수원시 권선구 곡선로**번길 **, ***동 ***호 (곡반정동, 삼성 아파트)"
폐업,2024.2.15,미니스톱 수원우만점,202806.1459,420473.0524,"경기도 수원시 팔달구 팔달문로175번길 77, 1층 (우만동)"
폐업,2024.2.19,칠호선,203951.4287,419275.0964,"경기도 수원시 영통구 중부대로271번길 19-6, 2층 (원천동)"
폐업,2024.2.15,수비드 연구소,201865.7299,417725.5978,"경기도 수원시 권선구 권선로639번길 18, 2층 207호 (권선동)"
폐업,2024.2.14,진주이용원,201502.5754,419895.6619,"경기도 수원시 팔달구 창룡대로8번길 15, 4층 (남수동)"
폐업,2024.2.22,먹부림,197018.1402,421964.6777,"경기도 수원시 장안구 화산로 263, 상가동 지하1층 102호 (율전동, 신일아파트)"
폐업,2024.2.14,그런의미에서,204125.6317,418943.9138,"경기도 수원시 영통구 매여울로40번길 42-2, 1층 일부호 (매탄동)"
폐업,2024.2.13,청춘식당,201200.8524,422488.1278,"경기도 수원시 장안구 금당로 22-1, 1층 (조원동)"
폐업,2024.2.16,행운 상점,196300.3909,418381.7999,"경기도 수원시 권선구 매실로 **, ***동 *층 ***호 (호매실동, 호매실GS아파트)"
폐업,2024.2.14,블렌바이 스튜디오(BLENBY studio),206644.0788,416812.8347,"경기도 수원시 영통구 청명남로 **, 럭셔리프라자 **층 (영통동)"
폐업,2024.2.14,리틀꼬마김밥 고색점,197760.1764,415845.5085,"경기도 수원시 권선구 오목천로 139, 1층 (고색동)"
폐업,2024.2.15,우리카페,201647.0272,420068.6406,"경기도 수원시 팔달구 창룡대로 21, 수원화성박물관 1층 (매향동)"
폐업,2024.2.14,어서오시게 영통구청점,203827.695,417567.9611,"경기도 수원시 영통구 매탄로108번길 10, 모닝프라자 1층 101호 (매탄동)"
폐업,2024.2.10,키트 컬렉티브(Kit Collective),198433.3828,418290.6024,"경기도 수원시 권선구 서둔로 ***, 생활****동 ***호 (서둔동)"
폐업,2024.2.20,영간,205748.9356,416186.9348,"경기도 수원시 영통구 봉영로****번길 **, ***동 ****호 (영통동, 벽적골*단지 주공아파트)"
폐업,2024.2.22,카페토이토이(Cafe ToiToi),196204.4702,418842.5829,"경기도 수원시 권선구 서수원로523번길 36, 1층 (금곡동)"
폐업,2024.2.8,디케이온라인,203742.4957,418331.2606,"경기도 수원시 영통구 동수원로 ***, *동 ****호 (매탄동, 동남아파트)"
폐업,2024.2.16,멀티샵,200608.9408,421156.8059,"경기도 수원시 장안구 수성로***번길 *, *층 (정자동)"
폐업,2024.2.22,초잇컴퍼니,199272.698,420256.8077,"경기도 수원시 팔달구 덕영대로***번길 **, ***동 ***호 (화서동, 화서주공아파트)"
폐업,2024.2.21,리꼬(Ricco),202860.4187,416529.887,"경기도 수원시 권선구 권중로 ***, ***동 ***호 (권선동, 벽산아파트)"
폐업,2024.2.13,럽베이글,204019.0557,416075.7849,"경기도 수원시 영통구 삼성로 **, ***동 ***호 (신동, 래미안 영통마크원 *단지)"
폐업,2024.1.8,크리스탈제이,199698.5095,422480.1468,"경기도 수원시 장안구 파장로**번길 **-**, ***호(파장동, 럭스빌) (파장동)"
폐업,2024.2.14,로지안나룸,203603.1612,417765.0059,"경기도 수원시 영통구 효원로 ***, ***동 ****호 (매탄동, 매탄 위브 하늘채)"
폐업,2024.2.15,드림푸드,206242.43,421279.6651,"경기도 수원시 영통구 법조로149번길 203, 1층 (하동)"
폐업,2024.2.20,유앤큐,205368.2376,421031.7557,"경기도 수원시 영통구 센트럴파크로 **, ****동 ***호 (이의동, 래미안 광교)"
폐업,2024.2.14,기분좋아지는스토어,199100.8105,421131.9752,"경기도 수원시 장안구 대평로**번길 **, ***동 ****호 (정자동, 꽃뫼노을마을한국아파트)"
폐업,2024.2.14,앤굿,195168.574,418722.4207,"경기도 수원시 권선구 금곡로***번길 **, ***동 ****호 (호매실동, 극동스타클래스)"
폐업,2024.1.2,허브이비인후과의원,205723.6298,416560.8863,"경기도 수원시 영통구 매영로310번길 87, 동보.신명아파트 2층 208호 209호 (영통동)"
폐업,2024.2.13,한판 인생참치,202538.0308,415157.9221,"경기도 수원시 권선구 곡선로50번길 14-2, 1층 (곡반정동)"
폐업,2024.2.20,듀에팡?,194646.9146,419291.254,"경기도 수원시 권선구 서수원로577번길 305, 1층 B209호 (금곡동, 수원모아미래도센트럴타운2단지)"
폐업,2024.2.13,파스타입니다(호매실점),196082.8095,418463.5892,"경기도 수원시 권선구 매실로53번길 7, 1층 (호매실동)"
폐업,2024.2.15,에이롭 네일(Arob nail),204752.8266,421362.3709,"경기도 수원시 영통구 센트럴파크로127번길 131-3, 1층 (이의동)"
휴업,,빈드,196880.1826,422276.978,"경기도 수원시 장안구 덕영대로***번길 **, *층 (율전동)"
폐업,2024.2.16,유어글라시스,195912.0125,418712.4247,"경기도 수원시 권선구 매곡로 **, ***동 ***호 (금곡동, 일신건영아파트)"
폐업,2024.2.15,GS25숙지공원,199591.2036,420223.7672,"경기도 수원시 팔달구 화양로 66-3 (화서동, 화서동 270-9 공동주택)"
폐업,2024.2.22,모아맘,203890.3993,421311.5638,"경기도 수원시 영통구 광교로 ***, 차세대융합기술연구원 A동 **층 창업베이스캠프 (이의동)"
폐업,2024.2.19,오투오,203714.6578,421917.0371,"경기도 수원시 영통구 대학3로 1, 402호 (이의동)"
폐업,2024.2.16,태성골뱅이,205655.7165,420360.0872,"경기도 수원시 영통구 센트럴파크로 6, 301동 지하2층 128호 (하동, 힐스테이트 광교)"
폐업,2024.2.14,플라잉배러,203906.1771,417224.395,"경기도 수원시 영통구 동탄원천로***번길 **, ***동 ****호 (매탄동, 주공그린빌)"
폐업,2024.2.14,얄리헬스,203603.1612,417765.0059,"경기도 수원시 영통구 효원로 ***, ***동 ****호 (매탄동, 매탄 위브 하늘채)"
폐업,2024.2.9,마몽헬스케어,196300.3909,418381.7999,"경기도 수원시 권선구 매실로 **, ***동 ****호 (호매실동, 호매실GS아파트)"
폐업,2024.2.16,소소한식당,205655.7165,420360.0872,"경기도 수원시 영통구 센트럴파크로 6, 301동 129호 (하동, 힐스테이트 광교)"
폐업,2024.2.15,주식회사 에스트론,204053.1599,422057.6497,"경기도 수원시 영통구 대학*로 **, 에이스광교타워* 제**층 ****호 (이의동)"
폐업,2024.2.16,한섬공방,199673.3786,418025.5478,"경기도 수원시 권선구 세화로 134, 롯데몰 수원점 지하1층 (서둔동)"
폐업,2024.2.23,엘에이치앤(LHN),207026.6172,418198.736,"경기도 수원시 영통구 영통로***번길 **, ***동 ****호 (영통동, 황골마을주공*단지아파트)"
폐업,2024.2.15,아웃백딜리버리 권선점,203008.6315,416482.0218,"경기도 수원시 권선구 동수원로 232, 센터블스파 2층 (권선동)"
폐업,2024.2.14,Sullivan St(설리반),205273.9318,420610.7825,"경기도 수원시 영통구 법조로 25, 광교 SK VIEW Lake B117호 (하동)"
폐업,2024.2.8,섭섭몰,206094.7471,418366.2828,"경기도 수원시 영통구 삼성로***번길 **, 수원영통 아크로파크 ***동 ****호 (원천동)"
폐업,2024.2.8,나비샘,204940.4165,418573.2413,"경기도 수원시 영통구 동탄원천로****번길 **, ***동 ***호 (매탄동, 한국아파트)"
폐업,2024.2.8,김타이푼,203747.762,418476.628,"경기도 수원시 영통구 동수원로 ***, ***동 ***호 (매탄동, 현대아파트)"
폐업,2024.2.23,스카이월드,205902.329,419250.2384,"경기도 수원시 영통구 광교호수로 **, ****동 *층 ***호 (하동, 휴먼시아아파트)"
폐업,2024.2.14,알레그레,205006.4431,415422.4525,"경기도 수원시 영통구 영통로***번길 **, ***동 ***호 (망포동, 한양수자인 에듀파크)"
폐업,2024.2.8,이케라벨,204765.9562,415537.6659,"경기도 수원시 영통구 영통로***번길 **-**, 망포빌라 *동 ***호 (망포동)"
폐업,2024.2.15,펀앤키키,203925.1172,415685.9521,"경기도 수원시 영통구 덕영대로 ****, ***동 **층 *호 (망포동, 영통아이파크캐슬 *단지)"
폐업,2024.2.14,더피리어드,204019.0557,416075.7849,"경기도 수원시 영통구 삼성로 **, ***동 ****호 (신동, 래미안 영통마크원 *단지)"
폐업,2024.2.19,메르시,201931.3406,417781.0724,"경기도 수원시 권선구 장다리로 131, 그랜드 스위트 107호 (권선동)"
폐업,2024.2.22,지존삼겹,202309.1757,417567.2471,"경기도 수원시 권선구 경수대로384번길 45, 1층 (권선동)"
폐업,2024.2.4,우리 편의점,200644.3307,418732.204,경기도 수원시 팔달구 고화로 10 (매산로3가)
폐업,2024.2.19,유디컴퍼니,205723.6298,416560.8863,"경기도 수원시 영통구 봉영로****번길 **, ***동 ****호 (영통동, 동보.신명 아파트)"
폐업,2024.2.21,케이앤월드,206992.9771,417888.2585,"경기도 수원시 영통구 영통로 ***, ***동 ****호 (영통동, 황골마을주공*단지아파트)"
폐업,2024.2.21,커밍(Comin'),204219.5217,421105.1732,"경기도 수원시 영통구 센트럴타운로 ***, ***동 *층 **호 (이의동, 광교푸르지오 월드마크, 월드스퀘어)"
폐업,2024.2.19,비비마켓,205634.9968,418179.3117,"경기도 수원시 영통구 삼성로 ***, S***,S***호 (원천동)"
폐업,2024.2.16,퍼스벳,204329.4435,418891.9234,"경기도 수원시 영통구 매여울로**번길 **-**, ***호 (매탄동)"
폐업,2024.2.16,루아흐,203682.902,415678.0385,"경기도 수원시 영통구 덕영대로 ****, ***동 ****호 (망포동, 영통아이파크캐슬*단지)"
폐업,2024.2.20,다달드림,206579.8683,417309.7049,"경기도 수원시 영통구 청명로 ***, ***동 ***호 (영통동, 벽산삼익아파트)"
폐업,2024.2.16,혬콩,205099.1445,416651.9004,"경기도 수원시 영통구 신원로 ***-*, ***동 ***호 (신동)"
폐업,2024.2.16,우디앤디(Woody Andy),203794.52,421727.32,"경기도 수원시 영통구 대학*로*번길 **-*, 영하우스 *층 ***호 (이의동)"
폐업,2024.2.19,래피독,203890.3993,421311.5638,"경기도 수원시 영통구 광교로 ***, 차세대융합기술연구원 A동 **층 (이의동)"
폐업,2024.2.22,허슬,206674.9575,416231.3628,"경기도 수원시 영통구 덕영대로 ****, *층 (영통동)"
폐업,2024.2.19,본투원,203453.5729,418803.6508,"경기도 수원시 영통구 권광로***번길 **, ***동 ****호 (매탄동, 현대힐스테이트아파트)"
폐업,2024.2.22,에파타코퍼레이션,204673.3728,418637.8495,"경기도 수원시 영통구 매봉로 **, ***동 ****호 (매탄동, 매탄 e-편한세상)"
폐업,2024.2.20,마니 파니(Many Funy),205743.1429,416941.4858,"경기도 수원시 영통구 매영로***번길 **, ***동 ***호 (영통동, 신성.신안.쌍용.진흥아파트)"
폐업,2024.2.20,선명한마트,205394.3492,416515.0427,"경기도 수원시 영통구 영통로***번길 **, ***동 ***호 (영통동, 벽적골주공 휴먼시아*단지)"
폐업,2024.2.13,완벽한인생 광교앨리웨이,205357.8071,419119.0197,"경기도 수원시 영통구 광교호수공원로 80, 판매케이동 2층 264,265,266호 (원천동, 광교아이파크)"
폐업,2024.2.20,드비주,205216.6133,415620.5094,"경기도 수원시 영통구 영통로***번길 **-**, ***동 *층 ****호 (망포동, 센트럴하이츠아파트)"
폐업,2024.2.19,애니세일(AnySale),206089.015,421388.87,"경기도 수원시 영통구 법조로***번길 **, ***호 (하동)"
폐업,2024.2.19,체리마켓,205099.0367,415318.8151,"경기도 수원시 영통구 영통로***번길 **, A동 ***호 (망포동, 금강빌라)"
폐업,2024.2.16,케이스 글로벌 트레이딩,204888.8556,420476.3916,"경기도 수원시 영통구 도청로 **, 광교센트럴푸르지오시티 A동 ***호 (이의동)"
폐업,2024.2.20,오카오카,201180.5531,418942.4702,"경기도 수원시 팔달구 향교로 125, 1층 (교동)"
폐업,2024.2.20,노티맘,195617.2443,418734.8386,"경기도 수원시 권선구 매곡로 **, ***동 **층 *호 (금곡동, 호반베르디움 더 센트럴)"
폐업,2024.2.16,왕공장,205267.7115,418474.4529,"경기도 수원시 영통구 중부대로***번길 **, ***동 ****호 (원천동, 수원 원천*단지 주공아파트)"
폐업,2024.2.20,마마팩토리,205394.3492,416515.0427,"경기도 수원시 영통구 영통로***번길 **, ***동 ****호 (영통동, 벽적골주공 휴먼시아*단지)"
폐업,2024.2.16,안녕아기사람,204253.6827,415715.3169,"경기도 수원시 영통구 덕영대로 ****-**, ***동 ****호 (망포동, 힐스테이트 영통 아파트)"
폐업,2024.2.19,이피엘(EPL),205394.3492,416515.0427,"경기도 수원시 영통구 영통로***번길 **, ***동 **층 ****호 (영통동, 벽적골주공 휴먼시아*단지)"
폐업,2024.2.23,YJ케미칼,203484.5486,419822.9496,경기도 수원시 팔달구 중부대로***번길 ** (우만동)
폐업,2024.2.19,지아나(GIANNA),207146.1792,418375.991,"경기도 수원시 영통구 중부대로 ***, ****호 (영통동, 수원영통리슈빌스카이오피스텔)"
폐업,2024.2.20,에프오팩토리,205368.2376,421031.7557,"경기도 수원시 영통구 센트럴파크로 **, ****동 ***호 (이의동, 래미안 광교)"
폐업,2024.2.19,우수팡팡,204673.3728,418637.8495,"경기도 수원시 영통구 매봉로 **, ***동 ****호 (매탄동, 매탄 e-편한세상)"
폐업,2024.2.19,제뉴박스,204464.0954,418391.4093,"경기도 수원시 영통구 매영로 **, ***동 *층 ***호 (매탄동, 한국아파트)"
폐업,2024.2.20,체리앤블루,205962.3094,419503.6715,"경기도 수원시 영통구 광교호수로***번길 **, ****동 ****호 (하동, 광교호반마을**단지)"
폐업,2024.2.19,멘디,204079.1056,418712.152,"경기도 수원시 영통구 매영로**번길 **-*, ***호 (매탄동)"
폐업,2024.2.20,한성동물병원,201991.5941,419337.5849,"경기도 수원시 팔달구 세지로 ***-*, ***호 (지동, 포레스트)"
폐업,2024.2.21,산책,203709.7342,416167.821,"경기도 수원시 영통구 권선로***번길 **-**, *층 (신동)"
폐업,2024.2.22,마망엘리펀트 광교점,204219.5217,421105.1732,"경기도 수원시 영통구 센트럴타운로 ***, ***동 *층 **호 (이의동, 광교푸르지오 월드마크, 월드스퀘어)"
폐업,2024.2.17,지나셀라(Jinasella),205655.7165,420360.0872,"경기도 수원시 영통구 센트럴파크로 *, ***동 ***호 (하동, 힐스테이트 광교)"
폐업,2024.2.15,연무포차,202306.7122,421366.9524,"경기도 수원시 장안구 연무로13번길 49, 1층 (연무동)"
폐업,2024.2.19,정성원,205279.2728,417424.0706,"경기도 수원시 영통구 신원로 ***-*, ***호 (매탄동)"
폐업,2024.2.16,천하제일관,198433.3828,418290.6024,"경기도 수원시 권선구 서둔로 166, 경기상상캠퍼스 (서둔동)"
폐업,2024.2.20,집주인의 취향,204253.6827,415715.3169,"경기도 수원시 영통구 덕영대로 ****-**, ***동 **층 ****호 (망포동, 힐스테이트 영통 아파트)"
폐업,2024.2.19,동봉커피,204233.073,418840.8399,"경기도 수원시 영통구 매여울로**번길 **-**, *층 (매탄동)"
폐업,2024.2.16,한섬공방,200985.0628,420495.2179,"경기도 수원시 팔달구 화서문로41번길 32, 1층 (장안동)"
폐업,2024.2.8,중앙 주식회사,206644.0788,416812.8347,"경기도 수원시 영통구 청명남로 **, 럭셔리프라자 *층 ***-*호 (영통동)"
폐업,2024.2.8,중앙 주식회사,206644.0788,416812.8347,"경기도 수원시 영통구 청명남로 **, 럭셔리프라자 *층 ***-*호 (영통동)"
폐업,2024.2.16,데이브레이크,205743.1429,416941.4858,"경기도 수원시 영통구 매영로***번길 **, ***동 ****호 (영통동, 신성.신안.쌍용.진흥아파트)"
폐업,2024.2.20,아마빌레,206052.6199,421220.1865,"경기도 수원시 영통구 법조로***번길 ***, ***호 (하동)"
폐업,2024.2.19,예가인,206264.755,421321.97,"경기도 수원시 영통구 법조로***번길 **, *층 ***호 (하동)"
폐업,2024.2.23,에스피에이(SPA),204990.1794,415302.9668,"경기도 수원시 영통구 영통로***번길 **, ***호 (망포동)"
폐업,2024.2.16,주식회사 르몽드쇼콜라,206586.4937,416951.8581,"경기도 수원시 영통구 봉영로 ****, *층 ***-**호 (영통동)"
폐업,2024.2.20,요망한늑대,204184.8018,415295.7458,"경기도 수원시 영통구 태장로*번길 **, ***동 **층 *호 (망포동, 쌍용*차아파트)"
폐업,2024.2.20,청년농부도시여행 주식회사,203903.941,420852.6758,"경기도 수원시 영통구 에듀타운로 ***, 에듀하임****오피스텔 ***동 ***호 (이의동)"
폐업,2024.2.14,포마이영,200938.2688,417930.5835,"경기도 수원시 권선구 권선로***번길 *, *층 (세류동)"
폐업,2024.2.15,점프 아프리카 투어,205689.3386,418077.8309,"경기도 수원시 영통구 매영로***번길 **, ***호 (원천동)"
폐업,2024.2.8,바스앤스타일,204061.9869,419463.0866,"경기도 수원시 영통구 중부대로***번길 **-*, ***동 ***호 (원천동, 주공아파트)"
폐업,2024.2.15,카페아띠,199344.9209,422201.1557,"경기도 수원시 장안구 장안로217번길 14, 범야건설주식회사 101,102호 (정자동)"
폐업,2024.2.13,헤어맛집,195920.4052,419100.4471,"경기도 수원시 권선구 금곡로196번길 67, 2층 203호 (금곡동)"
폐업,2024.2.21,또와유,202125.057,417124.8165,"경기도 수원시 권선구 세권로 185, 2동 161호 (권선동, 권선11번가시장)"
폐업,2024.2.14,미리내마트,201936.8747,421047.3792,"경기도 수원시 장안구 수원천로442번길 13, 1층 (연무동)"
폐업,2024.2.2,슈케이스,202245.9274,419679.5818,경기도 수원시 팔달구 세지로***번길 **-* (지동)
폐업,2024.2.16,이층낙곱새 본점,205378.0944,416958.928,"경기도 수원시 영통구 신원로198번길 47-10, 1층 일부호 (매탄동)"
폐업,2024.2.21,마다마다,,,"경기도 수원시 팔달구 세지로***번길 *, *층 상가 *호 (인계동)"
폐업,2024.2.15,(주)오션드림투어,202602.63,417869.7239,"경기도 수원시 팔달구 효원로 257, 3층 (인계동, 홈플러스동수원점)"
폐업,2024.2.15,(주)그레이스클럽,201501.673,419355.19,"경기도 수원시 팔달구 중부대로*번길 **, *층 (영동)"
휴업,,CU수원세류은혜점,201550.451,416687.5842,"경기도 수원시 권선구 경수대로277번길 19, 1층 (세류동, 1119)"
폐업,2024.2.15,주식회사 그레이스클럽,201501.673,419355.19,"경기도 수원시 팔달구 중부대로7번길 20, 4층 (영동)"
폐업,2024.2.14,카마타케 제면소 광교 아브뉴프랑점,204409.226,420967.6178,"경기도 수원시 영통구 센트럴타운로 85, 203동 2층 B205-1호 (이의동, 광교C1호반베르디움)"
폐업,2024.2.19,(주)정인종합관리,199878.8306,421410.755,"경기도 수원시 장안구 수성로275번길 108, 건호빌딩 4층 일부호 (정자동)"
폐업,2024.2.19,디인카페,197396.349,422318.9117,"경기도 수원시 장안구 덕영대로439번길 45, 1층 (율전동)"
폐업,2024.2.22,주식회사 아이티아이씨앤씨,204417.5979,416171.1517,"경기도 수원시 영통구 신원로 **, 디지털엠파이어* ***동 **층 ****호 (신동)"
폐업,2024.2.19,주식회사 스마트나노,198726.317,418381.3448,"경기도 수원시 권선구 서호로 89, 5동 103호 (서둔동, 서울대학교농업생명과학대학)"
폐업,2024.2.22,레퍼런스,206587.632,416222.6927,"경기도 수원시 영통구 덕영대로1673번길 8-14, 1층 (영통동)"
폐업,2024.2.19,가족의 취미,204892.9684,418236.6789,"경기도 수원시 영통구 매영로 ***, ***동 ****호 (매탄동, 수원 원천*단지 주공아파트)"
폐업,2024.2.21,미코스메틱,201365.3054,421922.5909,"경기도 수원시 장안구 송정로***번길 **, *층 (조원동)"
폐업,2024.2.21,쭝일아찌5단계빨강떡볶이,204576.7651,418456.9805,"경기도 수원시 영통구 매영로 **, 진생빌딩 *층 (매탄동)"
폐업,2024.2.15,네일비,195855.1856,419113.0502,"경기도 수원시 권선구 금곡로 206, 126호 (금곡동, 우성메디피아2)"
폐업,2024.2.20,세븐일레븐 수원고색점,198146.7789,416548.7727,"경기도 수원시 권선구 매송고색로691번길 1, 1층 (고색동)"
폐업,2024.2.6,(주)맥시브,203188.6325,418131.3104,"경기도 수원시 팔달구 효원로***번길 **, ***동 ***호 (인계동, 한화 꿈에그린 효원 ***동)"
폐업,2024.2.16,기쁜가게,201019.5613,420243.9501,"경기도 수원시 팔달구 화서문로32번길 23, 1층 (신풍동)"
폐업,2024.2.15,광교산농원,201292.8339,425245.7313,경기도 수원시 장안구 광교산로 532 (상광교동)
폐업,2024.2.8,김영삼한의원,201681.9488,417004.3405,"경기도 수원시 권선구 경수대로309번길 20, 1층 (세류동)"
폐업,2024.2.15,(주)그레이스클럽,201501.673,419355.19,"경기도 수원시 팔달구 중부대로*번길 **, *층 (영동)"
폐업,2024.2.20,웰빙반찬,200279.231,420653.903,"경기도 수원시 장안구 수성로262번길 68-2, 1층 101호 (영화동)"
폐업,2024.2.14,참빗,201119.5563,420365.9117,경기도 수원시 팔달구 화서문로 50 (신풍동)
폐업,2024.2.16,쉼팡,206606.8876,416661.803,"경기도 수원시 영통구 청명남로28번길 2, 106호 (영통동, 아이텐텐빌딩)"
폐업,2024.2.23,굿모닝건강원,202515.253,416751.9308,"경기도 수원시 권선구 권광로56번길 14, 1층 (권선동)"
폐업,2024.2.13,로또게스트하우스,204628.0917,421327.5199,"경기도 수원시 영통구 센트럴파크로127번길 103, 4층 401호 (이의동)"
폐업,2024.2.19,쭝일아찌5단계빨강떡볶이,204576.7651,418456.9805,"경기도 수원시 영통구 매영로 87, 진생빌딩 1층 (매탄동)"
폐업,2024.2.19,풍족만족천천점,198381.2704,421543.9117,경기도 수원시 장안구 만석로19번길 25-10 (천천동)
폐업,2024.2.23,삼성전자(주),204466.0461,417102.6621,
폐업,2024.2.15,오수헤어,198233.7304,422089.9728,"경기도 수원시 장안구 정자로 35, 1층 (천천동)"
폐업,2024.2.15,에치엔에스푸드(아주대교직원식당),203953.7592,420237.1865,"경기도 수원시 영통구 월드컵로 206 (원천동, 산5-1외20필지 19.기숙사식당 2층)"
휴업,,한국지역난방공사 광교지사,205079.7142,421958.3174,
폐업,2024.2.7,TOP당구클럽,197699.237,418563.3605,"경기도 수원시 권선구 하탑로 29, 3층 (탑동)"
폐업,2024.2.16,"또,봄플라워앤카페",200047.2702,421272.7726,"경기도 수원시 장안구 장안로 106, 1층 102호 (정자동)"
폐업,2024.2.20,교동짬뽕,200018.6952,418436.0934,"경기도 수원시 팔달구 향교로1번길 6, 1층 (매산로1가)"
폐업,2024.2.15,연이네,201245.4176,418563.9124,경기도 수원시 팔달구 매산로116번길 55 (매교동)
폐업,2024.2.14,헬레나의원,205097.5554,415047.7256,"경기도 수원시 영통구 영통로 103 (망포동, 뉴엘지프라자 201-2호)"
폐업,2024.2.20,네오,197422.5271,419957.1745,"경기도 수원시 권선구 구운로85번길 20-7 (구운동,네오텔)"
폐업,2024.2.13,금산인삼직판장,201657.9958,419467.3775,경기도 수원시 팔달구 수원천로 *** (지동)
휴업,,사)한국학교보건협회 경기남의원,201858.1043,417550.8735,경기도 수원시 권선구 장다리로 109 (권선동)
휴업,,진주,199213.7254,422682.5835,"경기도 수원시 장안구 파장로 77, 5층 (정자동)"
폐업,2024.2.16,매직아이안경원,201089.2787,416194.9856,경기도 수원시 권선구 정조로 429 (세류동)
폐업,2024.2.23,플라워베이커리,202657.3673,419233.4706,경기도 수원시 팔달구 장다리로 304 (인계동)
폐업,2024.2.16,뱅기네소곱창,203180.2518,416561.7284,경기도 수원시 권선구 세권로304번길 29-3 (권선동)
폐업,2024.2.21,경춘집,204609.6777,418876.3016,경기도 수원시 영통구 매봉로35번길 8-14 (매탄동)
폐업,2024.2.21,솔커피숍,200216.9845,417879.5738,경기도 수원시 권선구 덕영대로 965 (세류동)
폐업,2024.2.20,천애부,203771.352,419697.5355,경기도 수원시 팔달구 아주로47번길 6 (우만동)
폐업,2024.2.13,경일 식당,201030.4951,417389.2576,경기도 수원시 권선구 세권로 76 (세류동)
폐업,2021.8.18,(주)뉴코아동수원아울렛,202973.4103,418262.1145,경기도 수원시 팔달구 인계로 154 (인계동)
폐업,2024.2.13,청기와식당,201450.5768,419045.029,경기도 수원시 팔달구 매산로155번길 5 (중동)
폐업,2024.2.19,코코모텔,200096.258,418452.952,경기도 수원시 팔달구 향교로3번길 8 (매산로1가)